-- ═══════════════════════════════════════════════════════════════
-- MIGRACIÓN: Categorías de gasto, FIRE, Holdings, P&L, Config
-- ═══════════════════════════════════════════════════════════════

-- ─── Categorías de Gasto ─────────────────────────────────────
INSERT INTO gasto_categorias (codigo, nombre) VALUES
('ALQ', 'Alquiler'),
('BAR', 'Barco'),
('CAP', 'Caprichos'),
('COC', 'Coche (seguros, permisos, mantenimiento)'),
('COM', 'Comidas y Cenas'),
('DEP', 'Deportes & Hobbys'),
('ENT', 'Entretenimiento'),
('HEA', 'Healthcare'),
('HOM', 'Home'),
('IMP', 'Impuestos'),
('MAS', 'Masajes'),
('MED', 'Médicos y Salud'),
('OTH', 'Other'),
('REG', 'Regalos'),
('ROP', 'Ropa'),
('SBL', 'Subscripciones Bolsa'),
('SEG', 'Seguros'),
('SUB', 'Subscripciones Casa'),
('SUP', 'SuperMercado'),
('TRA', 'Transporte, cargas, gasolina, Parking'),
('UCB', 'Utilitys Costa Brava'),
('UCH', 'Utilities China'),
('VIA', 'Viajes, Billetes y Hoteles');

-- ─── Gastos Mensuales por Divisa ─────────────────────────
INSERT INTO gastos_mensuales (mes, eur, cny, usd) VALUES
('2023-01', 6270, 0, 97),
('2023-02', 2471, 0, 97),
('2023-03', 3107, 0, 551),
('2023-04', 1844, 0, 100),
('2023-05', 5165, 0, 180),
('2023-06', 8645, 0, 175),
('2023-07', 6921, 7591, 66),
('2023-08', 5327, 26815, 0),
('2023-09', 14502, 7054, 0),
('2023-10', 3066, 59910, 30),
('2023-11', 8269, 8952, 99),
('2023-12', 4940, 64714, 0),
('2024-01', 6138, 58508, 143),
('2024-02', 5773, 53110, 156),
('2024-03', 5115, 32365, 69),
('2024-04', 9979, 11318, 79),
('2024-05', 2364, 76587, 0),
('2024-06', 7107, 9374, 0),
('2024-07', 2596, 62008, 10),
('2024-08', 4879, 9841, 45),
('2024-09', 4857, 48685, 0),
('2024-10', 11200, 19884, 35),
('2024-11', 3388, 35769, 0),
('2024-12', 5941, 14829, 0),
('2025-01', 7584, 47427, 0),
('2025-02', 9566, 12867, 0),
('2025-03', 3508, 29520, 0),
('2025-04', 8057, 61797, 0),
('2025-05', 2803, 34399, 0),
('2025-06', 6128, 32484, 0),
('2025-07', 6624, 41518, 0),
('2025-08', 4921, 43479, 2607),
('2025-09', 2167, 43933, 0),
('2025-10', 4089, 60059, 122),
('2025-11', 4043, 34518, 0),
('2025-12', 4793, 34552, 0),
('2026-01', 7232, 70898, 0),
('2026-02', 7655, 19595, 0);

-- ─── FIRE Tracking Mensual ────────────────────────────
INSERT INTO fire_tracking (mes, fi, cobertura, ahorro, acumulado) VALUES
('2023-01', -2679, 71, -2679, -2679),
('2023-02', -712, 97, 10684, 8005),
('2023-03', 392, 123, 7178, 15183),
('2023-04', 669, 132, 10494, 25676),
('2023-05', 569, 123, 20115, 45792),
('2023-06', -107, 102, 16827, 62619),
('2023-07', -275, 101, 19335, 81954),
('2023-08', 27, 115, 22524, 104478),
('2023-09', -993, 95, 11780, 116258),
('2023-10', -1203, 104, 17220, 133478),
('2023-11', -1570, 97, 31164, 164642),
('2023-12', -2177, 96, 11430, 176072),
('2024-01', -2645, 94, 12222, 12222),
('2024-02', -2946, 98, 18400, 30623),
('2024-03', -3263, 99, 22909, 53532),
('2024-04', -3752, 94, 16496, 70028),
('2024-05', -4226, 99, 15120, 85148),
('2024-06', -4221, 100, 17480, 102628),
('2024-07', -3738, 117, 27885, 130513),
('2024-08', -4068, 109, 18744, 149257),
('2024-09', -3355, 133, 19306, 168563),
('2024-10', -3454, 121, 15144, 183707),
('2024-11', -3210, 133, 31521, 215228),
('2024-12', -2162, 141, 28710, 243938),
('2025-01', -1442, 163, 21821, 21821),
('2025-02', -725, 163, 28205, 50026),
('2025-03', 249, 181, 35061, 85087),
('2025-04', -4413, 83, -39898, 45189),
('2025-05', -2536, 108, 36547, 81736),
('2025-06', -19, 181, 46590, 128326),
('2025-07', 641, 186, 34009, 162335),
('2025-08', 1333, 216, 25979, 188314),
('2025-09', 2220, 247, 29171, 217485),
('2025-10', 3927, 384, 34254, 251739),
('2025-11', 4617, 454, 43275, 295015),
('2025-12', 5197, 637, 29939, 324954);

-- ─── FIRE Proyecciones ────────────────────────────────
INSERT INTO fire_proyecciones (anio, inicio, fin, retorno_pct, salary, gastos) VALUES
(2023, 626807, 886564, 7, 0, 0),
(2024, 886564, 1124216, 10, 252000, -100492),
(2025, 1124216, 1383058, 10, 252000, -103005),
(2026, 1383058, 1413144, 10, 0, -105580),
(2027, 1413144, 1443534, 10, 0, -108219),
(2028, 1443534, 1474189, 10, 0, -110925),
(2029, 1474189, 1505068, 10, 0, -113698),
(2030, 1505068, 1536121, 10, 0, -116540),
(2031, 1536121, 1567293, 10, 0, -119454),
(2032, 1567293, 1598521, 10, 0, -122440),
(2033, 1598521, 1629734, 10, 0, -125501),
(2034, 1629734, 1660853, 10, 0, -128639),
(2035, 1660853, 1691787, 10, 0, -131855),
(2036, 1691787, 1722436, 10, 0, -135151),
(2037, 1722436, 1752687, 10, 0, -138530),
(2038, 1752687, 1782412, 10, 0, -141993),
(2039, 1782412, 1811472, 10, 0, -145543),
(2040, 1811472, 1839708, 10, 0, -149182);

-- ─── P&L Anual ─────────────────────────────────────
INSERT INTO pl_anual (anio, sueldo, bolsa, dividendos, covered_calls, rop, roc, leaps, cal, gastos) VALUES
('2023', 202202, 70305, 14937, 15589, 16022, 18390, 4340, 1026, -97961),
('2024', 269880, 99772, 29532, 12290, 17623, 854, 36767, 2705, -134502),
('2025', 262595, 94859, 54503, -14991, 19898, -6, 34931, 524, -133823);

-- ─── Dividendos por Año ──────────────────────────────
INSERT INTO div_por_anio (anio, bruto, neto, num_cobros) VALUES
('2020', 46.72, 39.71, 4),
('2021', 2564.39, 2459.07, 77),
('2022', 9024.41, 8639.62, 305),
('2023', 14214.63, 13394.69, 351),
('2024', 31033.47, 28403.97, 470),
('2025', 48361.73, 46106.27, 742),
('2026', 10289.73, 8532.18, 117);

-- ─── Holdings ───────────────────────────────────────
INSERT INTO holdings (ticker, num_trades, shares, div_total, opciones_pl) VALUES
('BABA', 121, 200, 2528.02, 7477.85),
('KWEB', 117, 1300, 2775.44, 20069.41),
('TLT', 114, 500, 3133.7, 9258.04),
('GOOGL', 94, 100, 54, 0.09),
('PSKY', 71, -200, 732.3, 2404.62),
('LUV', 67, 500, 684, 3103.19),
('PTY', 65, 440, 1246.18, 0),
('INTC', 64, 400, 404.05, 5980.06),
('XDTE', 64, 200, 3035.69, 0),
('OXLC', 61, 1002.4, 2100.02, 0),
('AMZN', 60, 100, 0, 1974.04),
('ETV', 60, 200, 509.08, 0),
('EXG', 60, 302, 639.57, 0),
('AVK', 59, 100, 597.45, 0),
('CIK', 57, 502, 314.65, 0),
('DSU', 57, 601, 1232.36, 0),
('IGR', 57, 600, 754.57, 0),
('PDO', 57, 300, 1244.9, 0),
('QDTE', 57, 100, 1421.21, 0),
('JPC', 56, 200, 391.48, 0),
('XFLT', 56, 300, 816.8, 0),
('GLO', 55, -200, 2208.05, 0),
('RNP', 55, 120, 600.53, 0),
('RYLD', 55, 615, 3735.36, 0),
('SWKS', 55, 350, 1261.95, 3214.9),
('HPS', 54, 100, 401.97, 0),
('BFH', 53, 300, 636.3, 3185.54),
('SPY', 52, 100, 1043.07, 10499.34),
('NVDA', 51, 100, 10.8, -14136.51),
('NIO', 49, 1000, 0, 95.37),
('ARKG', 46, 400, 19.11, 774.36),
('THO', 37, 100, 239.1, 3365.15),
('JEPI', 29, 20, 1751.54, 0),
('LULU', 27, 150, 0, 4581.74),
('DNP', 26, 1000, 752.75, 0),
('GAB', 26, 301, 388.61, 0),
('QQQX', 26, 2, 96.05, 0),
('VZ', 18, 200, 168.5, 632.3),
('EIC', 17, 600, 771, 0),
('AHH', 16, 3300, 992.94, 0),
('ECC', 15, 300, 420, 0),
('KIO', 15, -100, 530.91, 0),
('PCN', 14, 200, 214.87, 0),
('PDI', 13, -100, 361.62, 0),
('UPS', 13, 100, 885.6, 788.25),
('MCN', 12, 300, 198.24, 0),
('PGZ', 12, 200, 189, 0),
('SPYI', 12, 200, 797.09, 0),
('TMF', 12, 200, 47.19, 458.1),
('BGH', 11, 200, 245.92, 0),
('BMY', 11, 400, 327.6, 96.3),
('CCIF', 11, 400, 344.4, 0),
('FSCO', 11, 300, 162.09, 0),
('NRO', 11, 1000, 255.75, 0),
('OCCI', 11, 200, 185, 0),
('PBR', 11, 800, 164.44, 0),
('PDX', 11, 100, 109.42, 0),
('TAL', 11, 200, 0, 190.6),
('TSM', 11, 100, 0, 2784.5),
('CII', 10, 200, 177.66, 0),
('LGI', 10, 100, 105.46, 0),
('SILA', 10, 400, 243.94, 0),
('TME', 10, 200, 0, 0),
('TSLA', 10, 40, 0, 1052.9),
('ATKR', 9, 100, 29.7, 1011.95),
('BDJ', 9, 200, 77.98, 0),
('ISPA', 9, 400, 542.31, 0),
('JFR', 9, 300, 157.8, 0),
('MDLZ', 9, 100, 42.3, 228.6),
('RLTY', 9, 100, 69.3, 0),
('SBAC', 9, -100, 109.35, 788),
('SPYD', 9, 50, 122.92, 0),
('BST', 8, 1, 67.94, 0),
('EARN', 8, 300, 129.6, 0),
('EOS', 8, 100, 82.26, 0),
('MBY', 8, 200, 216, 96.3),
('MEGI', 8, 300, 202.51, 0),
('MSTR', 8, 0, 0, 3489.54),
('QQQH', 8, 50, 124.97, 0),
('SPE', 8, 200, 118.56, 0),
('ULTA', 8, 0, 0, -757),
('UTG', 8, 100, 104.4, 0),
('BUI', 7, 200, 98.05, 0),
('DNG', 7, 1000, 35.02, 0),
('FR', 7, 300, 233.55, 0),
('MFIC', 7, 300, 353.4, 0),
('MSD', 7, 350, 464.4, 0),
('PEO', 7, -2.5201, 0, 0),
('PR', 7, 800, 297, 0),
('UTF', 7, 100, 55.81, 0),
('VINP', 7, 300, 234, 0),
('FSK', 6, 200, 392, 0),
('STZ', 6, 50, 183.6, 0),
('BBDC', 5, 400, 223.19, 0),
('DVYA', 5, 200, 375.81, 0),
('ELV', 5, 40, 61.56, 174.99),
('FAX', 5, 200, 89.1, 0),
('IIPR PRA', 5, 400, 405, 0),
('JCE', 5, 100, 86.4, 0),
('LOG', 5, 200, 253.11, 0),
('NCDL', 5, 200, 243, 0),
('TRIN', 5, 200, 275.4, 0),
('USA', 5, -11.6468, 0, 0),
('VIGI', 5, 10, 11.42, 0),
('2678', 5, 9500, 0, 0),
('BDX', 4, 50, 94.05, 0),
('GPN', 4, 100, 0, 118),
('HASI', 4, 200, 151.2, 0),
('HTHT', 4, 300, 395, 0),
('KER', 4, 20, 109.59, 0),
('KGRO', 4, 50, 81.72, 0),
('STK', 4, 100, 87.87, 0),
('WES', 4, 400, 520.52, 0),
('9618', 4, 500, 0, 0),
('BIDU', 3, 40, 0, 0),
('BIPC', 3, 100, 42.42, 0),
('CNC', 3, 300, 0, 92.26),
('CNQ', 3, 200, 50.7, 0),
('ES', 3, 100, 67.72, 0),
('TGT', 3, 100, 0, 82.49),
('VIS', 3, 300, 0, 0),
('2219', 3, 20000, 0, 0),
('AMS', 2, 200, 0, 0),
('ASG', 2, 500, 0, 0),
('BAYN', 2, 300, 0, 0),
('IPG', 2, 200, 59.4, 0),
('MRK', 2, 100, 0, 0),
('RVT', 2, 200, 0, 0),
('TEF', 2, 3000, 0, 0),
('TSCO', 2, 10, 0, 0),
('TXN', 2, 50, 0, 0),
('WOSG', 2, 2000, 0, 0),
('1', 2, 1000, 0, 0),
('1052', 2, 16000, 246.8, 0),
('1999', 2, 4000, 0, 0),
('BZUN', 1, 0, 0, 0),
('2168', 1, 0, 0, 0),
('1910', 1, 900, 0, 0),
('9616', 1, 8000, 0, 0);


-- ─── Config ──────────────────────────────────────────────────
INSERT INTO config (clave, valor) VALUES
('fire_params', '{"target": 1350000, "returnPct": 0.11, "inflation": 0.025, "monthlyExp": 4000}'::jsonb),
('fx_defaults', '{"USD":1, "EUR":0.92, "GBP":0.79, "CAD":1.37, "AUD":1.55, "HKD":7.78, "JPY":149.5, "CHF":0.88, "DKK":6.88, "SEK":10.35, "NOK":10.65, "SGD":1.34, "GBX":0.79, "CNY":7.25}'::jsonb),
('user_profile', '{"name": "Piloto A320", "base": "Shanghai", "age": 43, "target_passive_income_usd": 45000, "philosophy": "dividend-growth-FIRE"}'::jsonb);
