-- Holdings (82 posiciones activas)
INSERT INTO holdings (ticker, shares, avg_cost, div_total, opciones_pl, sector, pais, divisa, activo, notas) VALUES
('ACN', 60, 204.1867, 0, 0, '', 'US', 'USD', 1, 'GORKA | Accenture Plc'),
('AMCR', 10, 48.57, 0, 0, '', 'US', 'USD', 1, 'Amcor PLC'),
('AMT', 100, 185.3, 0, 0, '', 'US', 'USD', 1, 'American Tower Corp'),
('ARE', 650, 81.8643, 0, 0, 'REIT', 'US', 'USD', 1, 'REIT | LANDLORD | Alexandria Real Estate Equities Inc'),
('AZJ', 6000, 3.2825, 0, 0, 'COMPANY', 'AU', 'AUD', 1, 'COMPANY | GORKA | Aurizon Holdings Ltd'),
('BIZD', 1100, 15.2868, 0, 0, 'ETF', 'US', 'USD', 1, 'ETF | YO | VanEck BDC Income ETF'),
('BME:AMS', 200, 48.945, 0, 0, '', 'EU', 'EUR', 1, 'Amadeus It Group SA'),
('BME:VIS', 300, 54.73, 0, 0, 'COMPANY', 'EU', 'EUR', 1, 'COMPANY | GORKA | Viscofan SA'),
('CAG', 400, 17.896, 0, 0, 'COMPANY', 'US', 'USD', 1, 'COMPANY | YO | Conagra Brands Inc'),
('CLPR', 1800, 4.2119, 0, 0, 'REIT', 'US', 'USD', 1, 'REIT | LANDLORD | Clipper Realty Inc'),
('CMCSA', 200, 29.8677, 0, 0, 'COMPANY', 'US', 'USD', 1, 'COMPANY | YO | Comcast Corp'),
('CNSWF', 5, 1889.11, 0, 0, '', 'US', 'USD', 1, 'Constellation Software Inc.'),
('CPB', 200, 28.145, 0, 0, 'COMPANY', 'US', 'USD', 1, 'COMPANY | YO | Campbell''s Co'),
('CUBE', 200, 36.805, 0, 0, 'COMPANY', 'US', 'USD', 1, 'COMPANY | LANDLORD | CubeSmart'),
('CZR', 500, 26.6793, 0, 0, 'REIT', 'US', 'USD', 1, 'REIT | LANDLORD | Caesars Entertainment Inc'),
('DEO', 690, 97.1746, 0, 0, 'COMPANY', 'US', 'USD', 1, 'COMPANY | GORKA | Diageo PLC'),
('DIDIY', 700, 10.4751, 0, 0, 'COMPANY', 'US', 'USD', 1, 'COMPANY | YO | DiDi Global Inc - ADR'),
('EMN', 100, 61.7602, 0, 0, 'COMPANY', 'US', 'USD', 1, 'COMPANY | YO | Eastman Chemical Co'),
('ENG', 500, 14.9525, 0, 0, 'COMPANY', 'EU', 'EUR', 1, 'COMPANY | GORKA | Enagas SA'),
('FDJU', 700, 22.9885, 0, 0, '', 'EU', 'EUR', 1, 'GORKA | FDJ United'),
('FDS', 60, 206.8867, 0, 0, '', 'US', 'USD', 1, 'Factset Research Systems Inc'),
('FLO', 700, 10.475, 0, 0, '', 'US', 'USD', 1, 'YO | Flowers Foods Inc'),
('GEO', 1300, 13.705, 0, 0, '', 'US', 'USD', 1, 'Geo Group Inc'),
('GIS', 500, 52.13, 0, 0, 'COMPANY', 'US', 'USD', 1, 'COMPANY | GORKA | General Mills Inc'),
('GPC', 100, 115.91, 0, 0, '', 'US', 'USD', 1, 'Genuine Parts Co'),
('GQG', 2000, 1.703, 0, 0, 'COMPANY', 'AU', 'AUD', 1, 'COMPANY | GQG Partners Inc'),
('HEN3', 150, -2.9555, 0, 0, 'COMPANY', 'EU', 'EUR', 1, 'COMPANY | GORKA | Henkel AG & Co KGaA Preference Shares'),
('HGK:9616', 8000, 2.5754, 0, 0, '', 'US', 'USD', 1, 'GORKA | HGK:9616'),
('HKG:1052', 16000, 4.4382, 0, 0, 'COMPANY', 'HK', 'HKD', 1, 'COMPANY | GORKA | Yuexiu Transport Infrastructure Ltd'),
('HKG:1910', 900, 16.2171, 0, 0, 'COMPANY', 'HK', 'HKD', 1, 'COMPANY | GORKA | Samsonite Group SA'),
('HKG:2219', 20000, 2.8096, 0, 0, 'COMPANY', 'HK', 'HKD', 1, 'COMPANY | GORKA | Chaoju Eye Care Holdings Ltd'),
('HKG:9618', 1300, 113.9044, 0, 0, 'COMPANY', 'HK', 'HKD', 1, 'COMPANY | GORKA | JD.com Inc'),
('HR', 100, 18.955, 0, 0, 'REIT', 'US', 'USD', 1, 'REIT | LANDLORD | Healthcare Realty Trust Inc'),
('HRB', 600, 38.2642, 0, 0, 'COMPANY', 'US', 'USD', 1, 'COMPANY | H & R Block Inc'),
('IIPR', 200, 51.805, 0, 0, 'REIT', 'US', 'USD', 1, 'REIT | LANDLORD | Innovative Industrial Properties Inc'),
('IIPR-PRA', 400, 25.2325, 0, 0, 'REIT', 'US', 'USD', 1, 'REIT | IIPR-PRA'),
('KHC', 1200, 24.185, 0, 0, 'COMPANY', 'US', 'USD', 1, 'COMPANY | GORKA | Kraft Heinz Co'),
('KRG', 500, 22.523, 0, 0, 'REIT', 'US', 'USD', 1, 'REIT | LANDLORD | Kite Realty Group Trust'),
('LANDP', 500, 19.805, 0, 0, 'REIT', 'US', 'USD', 1, 'REIT | LANDLORD | Gladstone Land 6 00 Cumulative Redeemable Preferred Stock Series C'),
('LSEG', 100, 9.0414, 0, 0, 'COMPANY', 'UK', 'GBX', 1, 'COMPANY | GORKA | London Stock Exchange Group Plc'),
('LW', 250, 49.452, 0, 0, '', 'US', 'USD', 1, 'Lamb Weston Holdings Inc'),
('LYB', 400, 43.8925, 0, 0, 'COMPANY', 'US', 'USD', 1, 'COMPANY | GORKA | LyondellBasell Industries NV'),
('MDV', 400, 15.3158, 0, 0, 'REIT', 'US', 'USD', 1, 'REIT | LANDLORD | Modiv Industrial Inc Class C'),
('MO', 100, -69.6898, 0, 0, 'COMPANY', 'US', 'USD', 1, 'COMPANY | YO | Altria Group Inc'),
('MSDL', 1000, 19.1745, 0, 0, 'CEF', 'US', 'USD', 1, 'CEF | CEF | Morgan Stanley Direct Lending Fund'),
('MTN', 100, 141.888, 0, 0, 'REIT', 'US', 'USD', 1, 'REIT | LANDLORD | Vail Resorts Inc'),
('NET.UN', 2000, 5.41, 0, 0, 'REIT', 'CA', 'CAD', 1, 'REIT | LANDLORD | NET.UN'),
('NNN', 600, 42.005, 0, 0, 'REIT', 'US', 'USD', 1, 'REIT | LANDLORD | NNN REIT Inc'),
('NOMD', 1300, 11.6981, 0, 0, 'COMPANY', 'US', 'USD', 1, 'COMPANY | GORKA | Nomad Foods Ltd'),
('NVO', 400, 40.0202, 0, 0, 'COMPANY', 'US', 'USD', 1, 'COMPANY | YO | Novo Nordisk A/S'),
('O', 500, 44.2287, 0, 0, 'REIT', 'US', 'USD', 1, 'REIT | LANDLORD | Realty Income Corp'),
('OBDC', 400, 13.599, 0, 0, 'CEF', 'US', 'USD', 1, 'CEF | CEF | Blue Owl Capital Corp'),
('OMC', 68.8, 72.25, 0, 0, '', 'US', 'USD', 1, 'Omnicom Group Inc'),
('OWL', 1000, 14.455, 0, 0, 'REIT', 'US', 'USD', 1, 'REIT | LANDLORD | Blue Owl Capital Inc'),
('OZON', 50, 0, 0, 0, 'COMPANY', 'US', 'USD', 1, 'COMPANY | YO | OZON'),
('PATH', 700, 22.2895, 0, 0, 'COMPANY', 'US', 'USD', 1, 'COMPANY | YO | UiPath Inc'),
('PAYX', 207, 108.8333, 0, 0, 'COMPANY', 'US', 'USD', 1, 'COMPANY | GORKA | Paychex Inc'),
('PEP', 150, 108.91, 0, 0, 'COMPANY', 'US', 'USD', 1, 'COMPANY | YO | PepsiCo Inc'),
('PFE', 400, 25.51, 0, 0, 'COMPANY', 'US', 'USD', 1, 'COMPANY | YO | Pfizer Inc'),
('PG', 150, 146.4767, 0, 0, '', 'US', 'USD', 1, 'YO | Procter & Gamble Co'),
('PYPL', 700, 108.0486, 0, 0, 'COMPANY', 'US', 'USD', 1, 'COMPANY | YO | PayPal Holdings Inc'),
('RAND', 400, 29.4303, 0, 0, '', 'US', 'USD', 1, 'YO | Rand Capital Corp'),
('REXR', 400, 42.3575, 0, 0, 'COMPANY', 'US', 'USD', 1, 'COMPANY | LANDLORD | Rexford Industrial Realty Inc'),
('RHI', 700, 26.8864, 0, 0, '', 'US', 'USD', 1, 'YO | Robert Half Inc'),
('RICK', 1550, 38.0607, 0, 0, 'REIT', 'US', 'USD', 1, 'REIT | LANDLORD | RCI Hospitality Holdings Inc'),
('RYN', 400, 23.3451, 0, 0, 'REIT', 'US', 'USD', 1, 'REIT | LANDLORD | Rayonier Inc'),
('SAFE', 600, 18.2113, 0, 0, 'REIT', 'US', 'USD', 1, 'REIT | LANDLORD | Safehold Inc'),
('SCHD', 6000, 30.3294, 0, 0, 'ETF', 'US', 'USD', 1, 'ETF | YO | Schwab US Dividend Equity ETF'),
('SHUR', 400, 28.064, 0, 0, '', 'EU', 'EUR', 1, 'Shurgard Self Storage Ltd'),
('SPHD', 200, 48.0513, 0, 0, 'ETF', 'US', 'USD', 1, 'ETF | YO | Invesco S&P 500 High Div Low Volatility ETF'),
('SUI', 100, 120.13, 0, 0, 'COMPANY', 'US', 'USD', 1, 'COMPANY | LANDLORD | Sun Communities Inc'),
('TAP', 600, 45.4967, 0, 0, 'COMPANY', 'US', 'USD', 1, 'COMPANY | GORKA | Molson Coors Beverage Co Class B'),
('TROW', 240, 95.7708, 0, 0, 'COMPANY', 'US', 'USD', 1, 'COMPANY | GORKA | T Rowe Price Group Inc'),
('UNH', 100, 199.7796, 0, 0, 'COMPANY', 'US', 'USD', 1, 'COMPANY | UnitedHealth Group Inc'),
('VICI', 1200, 28.5043, 0, 0, '', 'US', 'USD', 1, 'YO | VICI Properties Inc'),
('WEEL', 1000, 20.3408, 0, 0, 'ETF', 'US', 'USD', 1, 'ETF | Peerless Option Income Wheel ETF'),
('WEN', 700, 9.0352, 0, 0, 'COMPANY', 'US', 'USD', 1, 'COMPANY | Wendy''s Co'),
('WKL', 200, 67.3153, 0, 0, '', 'EU', 'EUR', 1, 'Wolters Kluwer NV'),
('WPC', 200, 57.2036, 0, 0, 'REIT', 'US', 'USD', 1, 'REIT | LANDLORD | W.p. Carey Inc'),
('XYZ', 50, 162.0892, 0, 0, 'ETF', 'US', 'USD', 1, 'ETF | Block Inc'),
('YYY', 192, 15.5439, 0, 0, 'COMPANY', 'US', 'USD', 1, 'COMPANY | Amplify CEF High Income ETF'),
('ZTS', 100, 118.4, 0, 0, 'COMPANY', 'US', 'USD', 1, 'COMPANY | Zoetis Inc');

-- FIRE tracking (36 registros)
INSERT INTO fire_tracking (mes, fi, cobertura, ahorro, acumulado) VALUES
('2023-01', -2679, 71, -2679, -2679),
('2023-02', -712, 97, 10684, 8005),
('2023-03', 392, 123, 7178, 15183),
('2023-04', 669, 132, 10494, 25676),
('2023-05', 569, 123, 20115, 45792),
('2023-06', -107, 102, 16827, 62619),
('2023-07', -275, 101, 19335, 81954),
('2023-08', 27, 115, 22524, 104478),
('2023-09', -993, 95, 11780, 116258),
('2023-10', -1203, 104, 17220, 133478),
('2023-11', -1570, 97, 31164, 164642),
('2023-12', -2177, 96, 11430, 176072),
('2024-01', -2645, 94, 12222, 12222),
('2024-02', -2946, 98, 18400, 30623),
('2024-03', -3263, 99, 22909, 53532),
('2024-04', -3752, 94, 16496, 70028),
('2024-05', -4226, 99, 15120, 85148),
('2024-06', -4221, 100, 17480, 102628),
('2024-07', -3738, 117, 27885, 130513),
('2024-08', -4068, 109, 18744, 149257),
('2024-09', -3355, 133, 19306, 168563),
('2024-10', -3454, 121, 15144, 183707),
('2024-11', -3210, 133, 31521, 215228),
('2024-12', -2162, 141, 28710, 243938),
('2025-01', -1442, 163, 21821, 21821),
('2025-02', -725, 163, 28205, 50026),
('2025-03', 249, 181, 35061, 85087),
('2025-04', -4413, 83, -39898, 45189),
('2025-05', -2536, 108, 36547, 81736),
('2025-06', -19, 181, 46590, 128326),
('2025-07', 641, 186, 34009, 162335),
('2025-08', 1333, 216, 25979, 188314),
('2025-09', 2220, 247, 29171, 217485),
('2025-10', 3927, 384, 34254, 251739),
('2025-11', 4617, 454, 43275, 295015),
('2025-12', 5197, 637, 29939, 324954);

-- FIRE proyecciones (18 registros)
INSERT INTO fire_proyecciones (anio, inicio, fin, retorno_pct, salary, gastos) VALUES
(2023, 626807, 886564, 7, 0, 0),
(2024, 886564, 1124216, 10, 252000, -100492),
(2025, 1124216, 1383058, 10, 252000, -103005),
(2026, 1383058, 1413144, 10, 0, -105580),
(2027, 1413144, 1443534, 10, 0, -108219),
(2028, 1443534, 1474189, 10, 0, -110925),
(2029, 1474189, 1505068, 10, 0, -113698),
(2030, 1505068, 1536121, 10, 0, -116540),
(2031, 1536121, 1567293, 10, 0, -119454),
(2032, 1567293, 1598521, 10, 0, -122440),
(2033, 1598521, 1629734, 10, 0, -125501),
(2034, 1629734, 1660853, 10, 0, -128639),
(2035, 1660853, 1691787, 10, 0, -131855),
(2036, 1691787, 1722436, 10, 0, -135151),
(2037, 1722436, 1752687, 10, 0, -138530),
(2038, 1752687, 1782412, 10, 0, -141993),
(2039, 1782412, 1811472, 10, 0, -145543),
(2040, 1811472, 1839708, 10, 0, -149182);

-- P&L anual (3 registros)
INSERT INTO pl_anual (anio, sueldo, bolsa, dividendos, covered_calls, rop, roc, leaps, cal, gastos) VALUES
('2023', 202202, 70305, 14937, 15589, 16022, 18390, 4340, 1026, -97961),
('2024', 269880, 99772, 29532, 12290, 17623, 854, 36767, 2705, -134502),
('2025', 262595, 94859, 54503, -14991, 19898, -6, 34931, 524, -133823);

-- Dividendos por año (7)
INSERT INTO div_por_anio (anio, bruto, neto, num_cobros) VALUES
('2020', 46.72, 39.71, 4),
('2021', 2564.39, 2459.07, 77),
('2022', 9024.41, 8639.62, 305),
('2023', 14214.63, 13394.69, 351),
('2024', 31033.47, 28403.97, 470),
('2025', 48361.73, 46106.27, 742),
('2026', 10289.73, 8532.18, 117);

-- Dividendos por mes (64)
INSERT INTO div_por_mes (mes, bruto, neto, num_cobros) VALUES
('2020-07', 8.2, 6.97, 1),
('2020-10', 26.52, 22.54, 2),
('2020-12', 12, 10.2, 1),
('2021-02', 4.1, 3.69, 1),
('2021-03', 13.68, 12.31, 1),
('2021-05', 15.4, 13.86, 1),
('2021-06', 195.35, 176.67, 9),
('2021-07', 113.74, 104.68, 8),
('2021-08', 39.66, 36.36, 4),
('2021-09', 236.99, 215.33, 11),
('2021-10', 82.71, 76.98, 4),
('2021-11', 52.25, 49.97, 7),
('2021-12', 1810.51, 1769.22, 31),
('2022-01', 322.05, 292.96, 19),
('2022-02', 304.05, 284.83, 23),
('2022-03', 712.82, 687.78, 30),
('2022-04', 912.7, 873.07, 26),
('2022-05', 403.36, 387.76, 19),
('2022-06', 1389.89, 1360.51, 31),
('2022-07', 895.33, 861.19, 26),
('2022-08', 695.41, 681.83, 21),
('2022-09', 866.04, 834.77, 27),
('2022-10', 674.08, 639.25, 23),
('2022-11', 971, 923.19, 24),
('2022-12', 877.68, 812.48, 36),
('2023-01', 1359.94, 1274.92, 26),
('2023-02', 377.28, 363.99, 18),
('2023-03', 1154.92, 1101.66, 31),
('2023-04', 526.46, 495.04, 24),
('2023-05', 884.25, 863.53, 26),
('2023-06', 1483.5, 1421.98, 33),
('2023-07', 1018.69, 938.5, 29),
('2023-08', 1297.9, 1268.78, 29),
('2023-09', 1173.53, 1103.19, 34),
('2023-10', 1204.78, 1156.14, 29),
('2023-11', 1285.15, 1209.08, 29),
('2023-12', 2448.23, 2197.88, 43),
('2024-01', 2087.13, 1811.53, 33),
('2024-02', 1171.32, 988.21, 24),
('2024-03', 2059.92, 1659.1, 40),
('2024-04', 1527.41, 1319.91, 35),
('2024-05', 2623.25, 2469.97, 29),
('2024-06', 2454.43, 2168.58, 42),
('2024-07', 3660.17, 3446.6, 44),
('2024-08', 3709.23, 3447.61, 37),
('2024-09', 2553.83, 2438.71, 47),
('2024-10', 2642.35, 2509.35, 46),
('2024-11', 2155, 2063.73, 39),
('2024-12', 4389.43, 4080.67, 54),
('2025-01', 2994.66, 2875.88, 49),
('2025-02', 2277.99, 2277.99, 43),
('2025-03', 3780.17, 3686.1, 70),
('2025-04', 3905.14, 3861.48, 77),
('2025-05', 2815.45, 2739.71, 65),
('2025-06', 4907.17, 4713.23, 77),
('2025-07', 4659.82, 4515.59, 70),
('2025-08', 2667.34, 2453.98, 67),
('2025-09', 5385.66, 4973.92, 72),
('2025-10', 3712.99, 3661.38, 60),
('2025-11', 4456.97, 4137.62, 37),
('2025-12', 6798.37, 6201.56, 55),
('2026-01', 5552.25, 4493.43, 62),
('2026-02', 2934.4, 2367.68, 39),
('2026-03', 1803.08, 1671.07, 16);

-- Gastos mensuales (38)
INSERT INTO gastos_mensuales (mes, eur, cny, usd) VALUES
('2023-01', 6270, 0, 97),
('2023-02', 2471, 0, 97),
('2023-03', 3107, 0, 551),
('2023-04', 1844, 0, 100),
('2023-05', 5165, 0, 180),
('2023-06', 8645, 0, 175),
('2023-07', 6921, 7591, 66),
('2023-08', 5327, 26815, 0),
('2023-09', 14502, 7054, 0),
('2023-10', 3066, 59910, 30),
('2023-11', 8269, 8952, 99),
('2023-12', 4940, 64714, 0),
('2024-01', 6138, 58508, 143),
('2024-02', 5773, 53110, 156),
('2024-03', 5115, 32365, 69),
('2024-04', 9979, 11318, 79),
('2024-05', 2364, 76587, 0),
('2024-06', 7107, 9374, 0),
('2024-07', 2596, 62008, 10),
('2024-08', 4879, 9841, 45),
('2024-09', 4857, 48685, 0),
('2024-10', 11200, 19884, 35),
('2024-11', 3388, 35769, 0),
('2024-12', 5941, 14829, 0),
('2025-01', 7584, 47427, 0),
('2025-02', 9566, 12867, 0),
('2025-03', 3508, 29520, 0),
('2025-04', 8057, 61797, 0),
('2025-05', 2803, 34399, 0),
('2025-06', 6128, 32484, 0),
('2025-07', 6624, 41518, 0),
('2025-08', 4921, 43479, 2607),
('2025-09', 2167, 43933, 0),
('2025-10', 4089, 60059, 122),
('2025-11', 4043, 34518, 0),
('2025-12', 4793, 34552, 0),
('2026-01', 7232, 70898, 0),
('2026-02', 7655, 19595, 0);

-- Categorías de gasto (22)
INSERT INTO gasto_categorias (codigo, nombre) VALUES
('Other', 'Other'),
('Barco', 'Barco'),
('Comidas y Cenas', 'Comidas y Cenas'),
('Viajes, Billetes y Hoteles', 'Viajes, Billetes y Hoteles'),
('SuperMercado', 'SuperMercado'),
('Caprichos', 'Caprichos'),
('Alquiler', 'Alquiler'),
('Ropa', 'Ropa'),
('Coche, (seguros, permisos, mantenimiento )', 'Coche, (seguros, permisos, mantenimiento )'),
('Deportes & Hobby''s', 'Deportes & Hobby''s'),
('Subscripciones Bolsa', 'Subscripciones Bolsa'),
('Transporte, cargas, gasolina, Parking.', 'Transporte, cargas, gasolina, Parking.'),
('Medicos y Salud', 'Medicos y Salud'),
('Healthcare', 'Healthcare'),
('Subscripciones Casa', 'Subscripciones Casa'),
('Utility''s Costa Brava', 'Utility''s Costa Brava'),
('Masajes', 'Masajes'),
('Home', 'Home'),
('Utilities China', 'Utilities China'),
('Regalos', 'Regalos'),
('Entretenimiento', 'Entretenimiento'),
('Hipoteca', 'Hipoteca');

-- Config
INSERT INTO config (clave, valor) VALUES ('fire_params', '{"target":1350000,"returnPct":0.11,"inflation":0.025,"monthlyExp":4000}');
